<PAMDataset>
  <Metadata domain="IMAGE_STRUCTURE">
    <MDI key="SOURCE_COLOR_SPACE">YCbCr</MDI>
    <MDI key="INTERLEAVE">PIXEL</MDI>
    <MDI key="COMPRESSION">JPEG</MDI>
  </Metadata>
  <PAMRasterBand band="1">
    <Metadata>
      <MDI key="STATISTICS_VALID_PERCENT">100</MDI>
      <MDI key="STATISTICS_APPROXIMATE">YES</MDI>
      <MDI key="STATISTICS_MINIMUM">43</MDI>
      <MDI key="STATISTICS_MAXIMUM">224</MDI>
      <MDI key="STATISTICS_MEAN">192.08898809524</MDI>
      <MDI key="STATISTICS_STDDEV">23.928622732636</MDI>
    </Metadata>
    <Metadata domain="IMAGE_STRUCTURE">
      <MDI key="COMPRESSION">JPEG</MDI>
    </Metadata>
  </PAMRasterBand>
  <PAMRasterBand band="2">
    <Metadata>
      <MDI key="STATISTICS_VALID_PERCENT">100</MDI>
      <MDI key="STATISTICS_APPROXIMATE">YES</MDI>
      <MDI key="STATISTICS_MINIMUM">47</MDI>
      <MDI key="STATISTICS_MAXIMUM">226</MDI>
      <MDI key="STATISTICS_MEAN">195.73630952381</MDI>
      <MDI key="STATISTICS_STDDEV">24.423347677524</MDI>
    </Metadata>
    <Metadata domain="IMAGE_STRUCTURE">
      <MDI key="COMPRESSION">JPEG</MDI>
    </Metadata>
  </PAMRasterBand>
  <PAMRasterBand band="3">
    <Metadata>
      <MDI key="STATISTICS_VALID_PERCENT">100</MDI>
      <MDI key="STATISTICS_APPROXIMATE">YES</MDI>
      <MDI key="STATISTICS_MINIMUM">46</MDI>
      <MDI key="STATISTICS_MAXIMUM">227</MDI>
      <MDI key="STATISTICS_MEAN">196.11418650794</MDI>
      <MDI key="STATISTICS_STDDEV">24.209648909687</MDI>
    </Metadata>
    <Metadata domain="IMAGE_STRUCTURE">
      <MDI key="COMPRESSION">JPEG</MDI>
    </Metadata>
  </PAMRasterBand>
</PAMDataset>
